{
 "features": [
  "koi_period",
  "koi_time0bk",
  "koi_impact",
  "koi_duration",
  "koi_depth",
  "koi_ror",
  "koi_srho",
  "koi_prad",
  "koi_sma",
  "koi_incl",
  "koi_teq",
  "koi_insol",
  "koi_dor",
  "koi_max_sngle_ev",
  "koi_max_mult_ev",
  "koi_model_snr",
  "koi_count",
  "koi_num_transits",
  "koi_bin_oedp_sig",
  "koi_model_dof",
  "koi_model_chisq",
  "koi_steff",
  "koi_slogg",
  "koi_smet",
  "koi_srad",
  "koi_smass",
  "koi_sage",
  "ra",
  "dec",
  "koi_kepmag"
 ],
 "classes": [
  "CANDIDATE",
  "CONFIRMED",
  "FALSE POSITIVE"
 ],
 "medians": [
  9.75283067,
  137.22459500000002,
  0.537,
  3.7926,
  421.1,
  0.021076,
  0.95672,
  2.39,
  0.0851,
  88.5,
  878.0,
  141.6,
  15.46,
  5.5897505,
  19.2544115,
  23.0,
  1.0,
  143.0,
  0.48660000000000003,
  0.0,
  0.0,
  5767.0,
  4.438,
  -0.1,
  1.0,
  0.974,
  0.0,
  292.261125,
  43.6775035,
  14.52
 ],
 "priors": {
  "CANDIDATE": 0.2068172312839816,
  "CONFIRMED": 0.2872229192806357,
  "FALSE POSITIVE": 0.5059598494353826
 },
 "class_stats": {
  "CANDIDATE": {
   "mean": [
    167.77517013078105,
    180.55725004221435,
    0.6532956243329775,
    5.271559317492416,
    1371.28447171825,
    0.24592006563500532,
    17.82997998400853,
    97.94777481323372,
    0.35586696905016013,
    87.32007470651014,
    815.5917822838848,
    1283.8776492537313,
    163.76585040128072,
    10.081793509887937,
    38.47755774001318,
    30.41969050160085,
    1.3579373104145602,
    230.4166117336849,
    0.5143858490566038,
    0.0,
    0.0,
    5670.242796157951,
    4.307935432230523,
    -0.11221272047033673,
    1.6341259338313767,
    1.0248345784418358,
    0.0,
    291.7758129979778,
    44.09520225429728,
    14.317003033367037
   ],
   "std": [
    2924.813423976688,
    82.86940325162597,
    3.887452255569171,
    4.864587513882947,
    9195.031713234288,
    3.8413071648831756,
    70.88068499121694,
    2638.4009187484426,
    1.1051646215754263,
    7.611321322059089,
    581.4745106801124,
    12877.915815935008,
    1848.613796600661,
    27.47955080122271,
    159.5937431258094,
    92.07385388694618,
    0.762022077253464,
    389.95345352221034,
    0.3494646973352823,
    1.0,
    1.0,
    700.7691629240749,
    0.41384038859091815,
    0.28144131532109873,
    5.49331933119028,
    0.33336717246183045,
    1.0,
    4.749957989592571,
    3.6930166992989966,
    1.3179256919168314
   ],
   "count": 1978
  },
  "CONFIRMED": {
   "mean": [
    27.90472776439716,
    157.143326915435,
    0.44081610200364296,
    4.245904321077539,
    1051.5719489981784,
    0.025889240072859747,
    2.7414180881281864,
    2.8593369763205825,
    0.14503701275045539,
    87.88262659380692,
    831.8535519125683,
    329.3845557174071,
    32.54665292058288,
    12.021440743802557,
    73.2885474915905,
    78.66466302367942,
    1.9963596650891882,
    203.75027422303472,
    0.5039317582417583,
    0.0,
    0.0,
    5481.106739526412,
    4.413454644808743,
    -0.007763205828779599,
    1.0608236794171222,
    0.9360939890710382,
    0.0,
    291.06661345467785,
    44.28886712595559,
    14.356544230069165
   ],
   "std": [
    56.51898043135314,
    42.88313495908827,
    0.3378609389991409,
    2.7409148372602865,
    2490.529436197921,
    0.025589396775407783,
    5.539074126376871,
    3.401287969554854,
    0.15773262322579942,
    3.560301207159926,
    378.1730038112316,
    1132.2403153100029,
    46.46843165067394,
    27.34134918583128,
    284.6499154216821,
    261.1215611032032,
    1.2051889384555616,
    291.2172326231867,
    0.30777103116621246,
    1.0,
    1.0,
    671.246806554616,
    0.2324591858359627,
    0.21991823789812082,
    0.612826639912811,
    0.22298916940611654,
    1.0,
    4.805624004541095,
    3.5813174355177946,
    1.2304486328742008
   ],
   "count": 2747
  },
  "FALSE POSITIVE": {
   "mean": [
    65.13893331009133,
    165.43948150648896,
    0.944868900043649,
    6.545649933870634,
    46583.965408118725,
    0.45349395722391966,
    9.463254776022506,
    164.84160628546485,
    0.2173503055434308,
    77.24089063523249,
    1347.6163247490178,
    14776.196243237395,
    67.61528527848101,
    345.6174417104076,
    2009.4324307143884,
    462.32058053251853,
    1.0911345319280843,
    560.126618705036,
    0.3075396857577294,
    0.0,
    0.0,
    5857.007420340463,
    4.249180925360105,
    -0.19964270056992547,
    2.1675168048886952,
    1.0757315582714972,
    0.0,
    292.740411983881,
    43.42243315705724,
    14.190981397271598
   ],
   "std": [
    131.48372748143618,
    71.65119089123999,
    4.021151156124474,
    8.176221984047528,
    111837.79946855099,
    3.980954089961986,
    60.643518935117946,
    4020.1042411721983,
    0.34454574017730694,
    19.48265078897536,
    1054.2438848826714,
    224777.8869709661,
    176.83410130197893,
    1069.0839639221062,
    5733.151796046846,
    1070.0873574554764,
    0.3838035440827082,
    655.4647976772532,
    0.619057889558591,
    1.0,
    1.0,
    866.3443566208163,
    0.5130654853689989,
    0.2908649053449336,
    7.896160615666287,
    0.4032841472315343,
    1.0,
    4.638250941932849,
    3.529907029223563,
    1.4874736509959234
   ],
   "count": 4839
  }
 }
}